1,Fin,Murtagh,13/1/2019
2,Rosalinda,Scutt,18/3/2019
3,Levey,Zannuto,14/8/2019
4,Sam,Humberstone,30/5/2019
5,Clementine,Mearing,12/6/2019
6,Hana,Faichnie,6/5/2019
7,Addison,Teliga,20/12/2018
8,Roxie,Francescozzi,3/2/2019
9,Bennie,Tue,25/8/2019
10,Barron,Briand,12/3/2019
11,Michaeline,Winterson,21/5/2019
12,Owen,Eckersley,24/12/2018
13,Goldarina,Hinchcliffe,5/12/2018
14,Aleece,Joddens,20/10/2018
15,Phyllis,Ivanyushkin,30/12/2018
16,Theo,Piscot,8/7/2019
17,Odetta,Jillard,5/5/2019
18,Daisi,Stathers,6/12/2018
19,Danny,Guerin,22/4/2019
20,Cordy,Acreman,17/1/2019
21,Bobbye,Pirdy,1/7/2019
22,Dotty,Edward,21/5/2019
23,Petronella,Goatcher,14/3/2019
24,Weidar,Searle,6/7/2019
25,Gottfried,Suttling,21/10/2018
26,Rossie,Shingles,14/10/2018
27,Gigi,Nelhams,20/10/2018
28,Mollee,Degoey,18/6/2019
29,Laina,Torrejon,16/11/2018
30,Archibold,Uttridge,21/3/2019
31,Catherina,Shackle,29/10/2018
32,Melisa,Worstall,29/6/2019
33,Celka,McLaughlin,10/7/2019
34,Laughton,Macartney,16/11/2018
35,Ethyl,Jakobssen,15/11/2018
36,Flor,Fosbraey,30/12/2018
37,Lalo,Shann,19/5/2019
38,Zsazsa,Farren,17/4/2019
39,Shaylynn,Breffitt,1/2/2019
40,Saunder,Goldstein,14/11/2018
41,Cyrus,Rowter,1/3/2019
42,Irvine,Farraway,29/12/2018
43,Joshia,Sheringham,16/2/2019
44,Costanza,Laffoley-Lane,17/7/2019
45,Elana,Ricca,10/8/2019
46,Lonnie,Snodin,8/3/2019
47,Husain,McComish,30/11/2018
48,Richard,Waymont,6/8/2019
49,Rik,Olliar,19/12/2018
50,Andy,Barrat,4/9/2019
51,Fred,Rycraft,31/3/2019
52,Penny,Barizeret,6/9/2019
53,Allyce,Wordsley,16/3/2019
54,Farah,Groome,21/6/2019
55,Rick,Peete,23/11/2018
56,Zebedee,Pendrigh,19/8/2019
57,Horten,Gillespie,29/12/2018
58,Paxon,Drackford,8/6/2019
59,Ernesto,Sabberton,20/11/2018
60,Clerissa,Prandini,23/11/2018
61,Davon,Perello,7/11/2018
62,Vanya,Monelli,14/6/2019
63,Gustaf,Murcott,16/10/2018
64,Cordell,Adamiak,28/12/2018
65,Amory,Runge,20/12/2018
66,Genia,Ferrieroi,24/2/2019
67,Raquela,Calcraft,14/1/2019
68,Celina,Dodshun,27/11/2018
69,Brion,Whanstall,19/2/2019
70,Cynthie,Tyndall,20/8/2019
71,Aubree,Palomba,7/2/2019
72,Melody,Baldi,10/7/2019
73,Lane,Dumbell,26/2/2019
74,Christalle,Heinsh,11/10/2018
75,Waiter,Gabel,22/12/2018
76,Kacie,Jardin,11/6/2019
77,Deloria,Sheepy,11/2/2019
78,Kara,Villaron,30/4/2019
79,Amara,Smalridge,17/3/2019
80,Josepha,Cookman,8/1/2019
81,York,Flanigan,16/4/2019
82,Gregory,Skinley,14/11/2018
83,Christabella,Sibery,29/8/2019
84,Adams,Baynton,25/5/2019
85,Adolph,Yole,3/2/2019
86,Palm,Samms,8/7/2019
87,Fidole,Cheatle,5/2/2019
88,Sancho,Sandon,21/11/2018
89,Aindrea,Patemore,11/9/2018
90,Kent,Abbotson,24/11/2018
91,Ximenez,Perrie,7/8/2019
92,Zsazsa,Domm,31/5/2019
93,Rosalinda,Stayt,8/2/2019
94,Jilleen,Essery,23/9/2018
95,Ludwig,Askin,2/6/2019
96,Maryl,Gaitskill,19/11/2018
97,Silvano,Cullivan,6/2/2019
98,Kevyn,Fulcher,16/9/2018
99,Winn,Findon,31/7/2019
100,Hall,Thickins,11/1/2019
101,Lianne,Vanshin,18/3/2019
102,Mervin,MacShirrie,9/9/2019
103,Barnie,Ottewell,10/11/2018
104,Diane,Buckles,10/1/2019
105,Nadia,Ebenezer,15/4/2019
106,Isak,Gaughan,4/7/2019
107,Lorain,Mallett,13/6/2019
108,Adrian,Benedick,11/10/2018
109,Ravid,Tibald,4/5/2019
110,Bret,Canfield,18/11/2018
111,Clovis,Lowcock,10/5/2019
112,Oralle,Yesinov,19/1/2019
113,Otha,Tipling,3/8/2019
114,Myrtia,Willden,21/4/2019
115,Matthieu,Merigeau,27/12/2018
116,Tab,Verna,16/5/2019
117,Phil,Mennithorp,9/12/2018
118,Tamera,Kilfether,14/9/2018
119,Gerick,Thwaites,18/9/2018
120,Fulvia,Rowledge,23/5/2019
121,Tina,Worsley,4/4/2019
122,Whitney,Nuemann,28/10/2018
123,Donny,Vasyukhichev,29/7/2019
124,Celestyn,Popeley,30/4/2019
125,Annadiana,Checci,19/9/2018
126,Randee,Dooler,23/1/2019
127,Findley,Hugonneau,10/11/2018
128,Florinda,Dugue,1/10/2018
129,Thaxter,McQuilkin,23/1/2019
130,Fee,Tregenna,22/6/2019
131,Ivie,Grogan,8/2/2019
132,Essa,Talloe,16/4/2019
133,Sheffield,Iacoviello,30/6/2019
134,Bryn,Tarry,12/7/2019
135,Jennica,Pittam,5/4/2019
136,Sherye,Theunissen,3/1/2019
137,Pauletta,Lambertazzi,5/2/2019
138,Melly,Cheese,1/1/2019
139,Shelagh,Shank,21/8/2019
140,Brigida,O'Dea,1/7/2019
141,Milli,Gregoraci,9/9/2019
142,Efrem,Iremonger,2/12/2018
143,Nicola,Jerrome,26/8/2019
144,Halsey,Alliband,11/4/2019
145,West,Exell,5/9/2019
146,Sheilah,Sexcey,13/10/2018
147,Madison,Degoe,16/8/2019
148,Phillida,McKeefry,1/10/2018
149,Cart,Loftin,28/3/2019
150,Lyndsay,Petri,25/1/2019
151,Dorette,Playdon,12/7/2019
152,Kikelia,Lattka,14/3/2019
153,Patten,McCroary,26/8/2019
154,Lissi,Caddan,6/3/2019
155,Frasquito,Piscot,15/5/2019
156,Wilmer,Nannizzi,22/1/2019
157,Missy,Hardesty,30/12/2018
158,Caprice,Fonquernie,13/12/2018
159,Ignacius,Sturman,28/12/2018
160,Cate,Lodeke,1/5/2019
161,Fredia,Roath,1/5/2019
162,Tessa,McKintosh,6/4/2019
163,Rafaelita,Mesnard,9/3/2019
164,Cristionna,Pressnell,11/4/2019
165,Aleece,Colerick,8/2/2019
166,Geoffrey,Halling,6/10/2018
167,Melody,Bilbrooke,11/6/2019
168,Elston,Klyn,9/7/2019
169,Florence,Cancelier,14/12/2018
170,Tamarra,Prebble,21/10/2018
171,Wendell,Bradbeer,15/10/2018
172,Benedetta,Coniff,11/6/2019
173,Myriam,Baiss,1/1/2019
174,Rebecka,Ferie,16/5/2019
175,Deeyn,Brumham,21/6/2019
176,Lindi,Ghelardoni,14/3/2019
177,Abraham,Lakin,15/11/2018
178,Lenora,O'Deegan,19/12/2018
179,Letti,Issacoff,31/8/2019
180,Nora,Itzkov,20/1/2019
181,Ninnette,Larroway,7/8/2019
182,Cly,Mac,22/10/2018
183,Elena,Pett,24/4/2019
184,Roselin,McLenahan,10/12/2018
185,Goddard,Smithe,11/6/2019
186,Bax,Treadgall,1/6/2019
187,Odelle,Halm,10/5/2019
188,Kerrill,Redmond,16/4/2019
189,Wood,De Vaar,14/6/2019
190,Eadith,Cumming,19/5/2019
191,Codie,Kiloh,22/1/2019
192,Milena,Parker,3/10/2018
193,Barnabas,Curnok,2/10/2018
194,Clotilda,Fatharly,13/12/2018
195,Adaline,Fearnside,4/10/2018
196,Dennison,Dransfield,27/1/2019
197,Ertha,Shirland,16/12/2018
198,Lazaro,Appleton,20/4/2019
199,Karissa,Fairbard,3/9/2019
200,Cornelius,Gellier,22/10/2018
201,Pedro,Muirden,24/7/2019
202,Marya,Badham,20/10/2018
203,Natividad,McKeever,17/12/2018
204,Igor,Craske,16/1/2019
205,Filippa,Briddle,11/4/2019
206,Eran,Rouby,24/11/2018
207,Hedvige,Cockshott,3/6/2019
208,Riki,Slimme,4/5/2019
209,Vic,Warry,29/9/2018
210,Hillery,Tiltman,21/6/2019
211,Avery,Jellicorse,28/5/2019
212,Dalston,Weekley,1/2/2019
213,Daveta,Swadlin,1/12/2018
214,Quintilla,Tyers,17/2/2019
215,Evvie,Peperell,29/5/2019
216,Shellie,MacAless,2/8/2019
217,Amelie,Bracknall,24/8/2019
218,Merci,Henricsson,28/4/2019
219,Leesa,Schroter,13/10/2018
220,Boote,Rumbold,15/2/2019
221,Rozalin,Glashby,20/6/2019
222,Doreen,Skyram,14/9/2018
223,Lanni,Orbell,6/4/2019
224,Katinka,Downie,4/10/2018
225,Normie,Giorgielli,15/6/2019
226,Goober,Hagergham,16/7/2019
227,Mercedes,Ditter,11/8/2019
228,Riannon,Atack,1/1/2019
229,Birk,Crayden,29/3/2019
230,Rockey,Checchi,17/10/2018
231,Imelda,Pendlebury,1/4/2019
232,Hortense,Ambrosoni,11/1/2019
233,Devonne,Wingfield,14/11/2018
234,Papagena,O'Cannovane,6/2/2019
235,Jasmine,Stobo,8/11/2018
236,Eloise,Stallen,10/1/2019
237,Jared,Najera,22/3/2019
238,Ines,Mateus,23/3/2019
239,Cynthia,Ewell,1/8/2019
240,Hieronymus,Brafield,12/2/2019
241,Gui,McLoughlin,22/7/2019
242,Aluino,Dymoke,2/4/2019
243,Hamish,Scutter,29/3/2019
244,Goober,Billany,21/6/2019
245,Eugen,Fandrey,14/1/2019
246,Shae,Rottcher,8/2/2019
247,Zebadiah,Rosa,28/3/2019
248,Filia,Westrope,28/9/2018
249,Cleo,Cheverton,23/10/2018
250,Shellysheldon,Liver,23/6/2019
251,Romain,Harpin,8/4/2019
252,Mariele,Abelevitz,3/2/2019
253,Lynnea,Zealey,9/10/2018
254,Marillin,Siviter,30/5/2019
255,Mirabelle,Keal,6/9/2019
256,Bianka,Glanester,19/3/2019
257,Ree,Borgars,6/8/2019
258,Ernst,Dargue,2/10/2018
259,Rouvin,Torres,13/12/2018
260,Trina,Stonhard,2/9/2019
261,Leda,Hake,25/10/2018
262,Wally,Bernardi,29/5/2019
263,Tybalt,Clem,7/1/2019
264,Nickola,Pye,10/8/2019
265,Silvia,Widdowson,14/7/2019
266,Merl,Escot,31/10/2018
267,Arley,Viall,4/6/2019
268,Floyd,Greir,13/10/2018
269,Van,Baggot,28/12/2018
270,Wendye,Longfield,27/6/2019
271,Dinny,Gawkes,1/9/2019
272,Bronson,Greber,10/8/2019
273,Ofilia,Smallman,29/6/2019
274,Eleanore,Matyugin,25/10/2018
275,Pammie,Phear,14/8/2019
276,Andy,Holt,26/11/2018
277,Launce,Cranstone,17/4/2019
278,Micah,Brixey,4/4/2019
279,Chet,Bulbeck,14/6/2019
280,Beret,O'Bradden,20/3/2019
281,Nevin,Novill,22/7/2019
282,Akim,McClary,1/11/2018
283,Stanfield,Kneeshaw,26/12/2018
284,Antonin,Atmore,11/7/2019
285,Babs,Sarll,24/7/2019
286,Cornela,Baise,24/1/2019
287,Gonzales,Dyshart,30/12/2018
288,Morlee,Joynson,27/3/2019
289,Jennee,Corr,18/9/2018
290,Marcello,Lear,2/1/2019
291,Tracy,Willoughby,24/1/2019
292,Alvin,Fuentes,19/4/2019
293,Chico,Lyven,15/10/2018
294,Melva,Botha,19/3/2019
295,Missie,Rupp,15/10/2018
296,Jacklin,Snary,10/4/2019
297,Daniela,Beamont,16/11/2018
298,Vivia,Jostan,22/8/2019
299,Kore,Woodburn,3/6/2019
300,Pren,Sebyer,14/3/2019
301,Maighdiln,Gilding,6/10/2018
302,Yalonda,Currum,3/12/2018
303,Fabiano,Philpault,13/8/2019
304,Salim,Banasik,16/2/2019
305,Wendeline,De Maine,2/8/2019
306,Alida,Kettridge,13/6/2019
307,Davidde,Streatfield,15/9/2018
308,Whitby,Lamport,30/8/2019
309,Allix,Capoun,19/10/2018
310,Morry,Axleby,5/9/2019
311,Marion,Prue,18/12/2018
312,Casper,Salkild,2/5/2019
313,Polly,Moralis,4/6/2019
314,Abbott,Kollaschek,26/4/2019
315,Georgetta,Mellodey,2/5/2019
316,Gauthier,Gilvary,9/10/2018
317,Garrett,Broxholme,18/9/2018
318,Valli,Pyrah,22/8/2019
319,Patience,Howsin,3/3/2019
320,Ernaline,Serjent,2/9/2019
321,Sully,Melburg,12/11/2018
322,Grover,Littell,28/3/2019
323,Cyndie,Armiger,4/6/2019
324,Ripley,Ewington,8/11/2018
325,Verena,Poad,4/2/2019
326,Vivia,Woollons,11/6/2019
327,Celestia,Pepon,15/10/2018
328,Bonnibelle,Wittering,29/6/2019
329,Merrick,Vernham,29/8/2019
330,Jeffie,Kondrat,22/5/2019
331,Aldon,Parmer,14/4/2019
332,Rozamond,Caudrey,25/3/2019
333,Sander,Powland,18/10/2018
334,Brew,Screech,28/3/2019
335,Bary,Pinsent,8/9/2019
336,Dorree,Marnane,30/11/2018
337,Rolando,Prozescky,26/2/2019
338,Dudley,Pittford,16/9/2018
339,Jobyna,Chapell,16/6/2019
340,Paxton,Layhe,18/2/2019
341,Vera,Carthew,20/11/2018
342,Wanids,MacMichael,6/6/2019
343,Rosaleen,Alcoran,13/7/2019
344,Stormie,Merrigan,22/5/2019
345,Pincus,Povall,1/7/2019
346,Celeste,Rodmell,4/10/2018
347,Gale,Innot,2/4/2019
348,Alfreda,Allam,28/1/2019
349,Burgess,Chapling,5/3/2019
350,Emmey,Bytheway,3/6/2019
351,Barnie,Windas,22/6/2019
352,Vivian,Bidnall,25/8/2019
353,Filbert,Hartnup,24/8/2019
354,Tabby,Iacofo,3/8/2019
355,Morgen,Perell,18/12/2018
356,Edmon,Nuton,26/11/2018
357,Michel,Mattiuzzi,26/6/2019
358,Shirley,McCathy,8/3/2019
359,Lind,Biernat,14/5/2019
360,Fey,Schuster,12/6/2019
361,Lorrie,Diack,9/7/2019
362,Aarika,Blackall,15/10/2018
363,Donovan,Nestoruk,22/2/2019
364,Nicky,Hannis,7/5/2019
365,Brooke,Coling,31/3/2019
366,Tedd,Hargerie,1/12/2018
367,Giselbert,Cornwall,28/6/2019
368,Rafa,Foyle,9/6/2019
369,Kipp,Demelt,8/9/2019
370,Mark,Woofendell,25/8/2019
371,Daffy,Davis,18/8/2019
372,Herrick,Torald,18/8/2019
373,Sonya,Dobbie,24/9/2018
374,Rex,Lippiatt,30/7/2019
375,Ramona,Coultish,22/9/2018
376,Leoline,Freiburger,13/2/2019
377,Mal,Oldfield-Cherry,23/1/2019
378,Herman,Tandy,29/5/2019
379,Frants,Broz,24/8/2019
380,Lavinia,McClancy,18/6/2019
381,Peyton,Pennazzi,4/7/2019
382,Chrisy,Russe,13/9/2018
383,Tanner,Le Gallo,8/10/2018
384,Antoni,Giabucci,25/12/2018
385,Orlando,Lismore,29/5/2019
386,Cordy,Barrus,25/3/2019
387,Sarine,Lindwasser,2/9/2019
388,Payton,Martlew,12/11/2018
389,Nyssa,Golledge,15/5/2019
390,Pier,Jenkin,23/4/2019
391,Hadley,Addis,8/7/2019
392,Ardra,Rzehor,29/9/2018
393,Iver,Keyson,11/2/2019
394,Minnaminnie,Ambrogioni,11/5/2019
395,Loutitia,Mossdale,31/10/2018
396,Whit,Banisch,22/4/2019
397,Ladonna,Pitcaithly,7/10/2018
398,Damara,Foxton,7/7/2019
399,Lothario,Janton,3/1/2019
400,Kerrill,Aisthorpe,6/5/2019
401,Lynnette,Mikalski,12/3/2019
402,Ripley,Herley,19/4/2019
403,Rosalinde,Eloy,6/1/2019
404,Corena,Alenin,22/10/2018
405,Tuckie,Bradane,1/2/2019
406,Grace,Mobius,13/12/2018
407,Sloan,Veal,13/12/2018
408,Stanly,Wahlberg,2/3/2019
409,Bernarr,Sorro,25/8/2019
410,Aguistin,Jedryka,9/7/2019
411,Yuma,Cawdell,12/5/2019
412,Baron,Tedridge,3/1/2019
413,Devonna,Mirfin,14/10/2018
414,Neddy,Crafts,30/4/2019
415,Shel,Corck,27/4/2019
416,Gabriello,Losseljong,17/3/2019
417,Nikola,McGaughey,22/12/2018
418,Charlot,Blakeborough,29/6/2019
419,Ruperto,Plaide,17/2/2019
420,See,Elmhurst,25/10/2018
421,Dickie,Gaisford,19/7/2019
422,Hewie,Juliano,12/8/2019
423,Evey,Mayer,15/10/2018
424,Maryanna,Blezard,15/9/2018
425,Sarge,Applewhite,12/10/2018
426,Felicia,Ellingham,28/8/2019
427,Ainsley,O'Neary,19/10/2018
428,Garey,Agiolfinger,20/4/2019
429,Sibel,Noot,2/3/2019
430,Maddy,Northley,3/9/2019
431,Krissie,Falkinder,10/11/2018
432,Ricca,Filgate,1/9/2019
433,Ramsey,Tidswell,18/12/2018
434,Ford,Tomasek,17/5/2019
435,Suzette,Litel,10/5/2019
436,Gayleen,Rump,5/5/2019
437,Mozelle,Winter,29/7/2019
438,Doug,Maccari,24/7/2019
439,Rubi,Spears,22/11/2018
440,Davidson,Degan,5/10/2018
441,Emmalynne,Heaviside,19/3/2019
442,Devora,Franciskiewicz,11/7/2019
443,Vilhelmina,Kief,9/10/2018
444,Rosella,Kislingbury,30/1/2019
445,Raimondo,Pagett,30/9/2018
446,Emery,Ickowicz,14/11/2018
447,Shayne,Rappport,14/10/2018
448,Pasquale,Hurtic,9/4/2019
449,Ravid,Gjerde,30/9/2018
450,Frederico,Slegg,17/2/2019
451,Gwennie,Enrdigo,23/2/2019
452,Ame,Larrosa,5/5/2019
453,Andee,MacCambridge,5/2/2019
454,Ninette,Verrills,10/12/2018
455,Koenraad,Coldbath,14/12/2018
456,Marisa,Gottschalk,4/9/2019
457,Hill,Toffolini,16/1/2019
458,Lonnie,Duckels,27/8/2019
459,Florida,Oherlihy,26/7/2019
460,Georgianne,Cauthra,18/8/2019
461,Fayette,Hurkett,21/6/2019
462,Flori,Dewett,11/12/2018
463,Sterling,Hatley,19/2/2019
464,Pippy,Presdee,30/5/2019
465,Dorella,Castellaccio,3/1/2019
466,Desirae,Vogele,17/12/2018
467,Sada,Hintzer,11/7/2019
468,Dunn,Lorente,29/1/2019
469,Jaimie,Deare,17/5/2019
470,Gerta,Shemming,25/1/2019
471,Roobbie,Ziehms,21/2/2019
472,Chloette,Tomasutti,29/3/2019
473,Olag,Kurten,27/12/2018
474,Gratia,Wand,27/8/2019
475,Florella,Vankov,11/6/2019
476,Claudian,Olczak,24/5/2019
477,Gabbi,Kellert,8/8/2019
478,Antone,Grigorey,21/9/2018
479,Dyane,Rippon,28/12/2018
480,Noby,Martello,8/2/2019
481,Simonette,Chipping,29/12/2018
482,Nikoletta,Reynold,7/4/2019
483,Jenine,Heaford,19/6/2019
484,Colene,Le Blond,14/9/2018
485,Reed,Gameson,30/10/2018
486,Langston,Yes,12/6/2019
487,Pernell,Ransbury,13/5/2019
488,Lewie,Selly,28/3/2019
489,Allison,Folan,5/10/2018
490,Nikolia,Speck,6/4/2019
491,Hartwell,Lebbern,21/6/2019
492,Tedra,Hritzko,25/7/2019
493,Carissa,Huison,18/4/2019
494,Renaldo,Leggs,20/1/2019
495,Christabel,Emmerson,20/8/2019
496,Reynolds,Hackey,23/9/2018
497,Rriocard,Simmonds,7/5/2019
498,Paige,Giovannazzi,1/11/2018
499,Kristi,Hawkswood,16/12/2018
500,Kittie,Rubury,3/4/2019
501,Dulcine,Naton,26/8/2019
502,Lona,Hedworth,9/1/2019
503,Alister,Weaving,24/6/2019
504,Dania,Naptin,27/1/2019
505,Colan,De La Haye,1/10/2018
506,Ester,Evemy,9/4/2019
507,Whittaker,McKinney,12/9/2018
508,Lizette,Sygrove,12/11/2018
509,Bebe,Evert,4/10/2018
510,Cherida,Zipsell,1/1/2019
511,Orelle,Bagwell,23/12/2018
512,Merilee,Crust,23/7/2019
513,Toma,Monkton,19/12/2018
514,Burch,Pillinger,28/2/2019
515,Terese,McCullouch,24/4/2019
516,Rachele,MacDonogh,2/4/2019
517,Ewen,Lightfoot,17/4/2019
518,Pace,Davidson,18/10/2018
519,Alvinia,Giannotti,31/10/2018
520,Casar,Lurriman,5/3/2019
521,Halsey,Radford,21/4/2019
522,Biddy,Baterip,23/1/2019
523,Anjela,Wisdish,6/3/2019
524,Sayre,Nutman,26/6/2019
525,Skye,Wayper,4/8/2019
526,Natalee,Shiliton,14/11/2018
527,Leah,Schwieso,15/1/2019
528,Blithe,Ianelli,9/1/2019
529,Clarisse,Lapere,17/9/2018
530,Bucky,Aubray,3/3/2019
531,Bendick,Fullicks,21/6/2019
532,Juan,Eccles,20/10/2018
533,Kalie,Hawton,8/10/2018
534,Irwin,Vamplew,6/12/2018
535,Chrysler,Garmanson,9/2/2019
536,Nowell,Irnys,7/7/2019
537,Annie,Higounet,20/3/2019
538,Earle,Rolinson,26/8/2019
539,Valaria,O' Borne,17/9/2018
540,Tani,Borborough,10/11/2018
541,Beck,Stitle,9/8/2019
542,Elsi,Percy,15/11/2018
543,Mercie,Rodway,18/5/2019
544,Kane,Yurkiewicz,2/5/2019
545,Merna,O' Shea,24/9/2018
546,Rubia,Olivey,23/12/2018
547,Kerianne,Hourston,12/7/2019
548,Shena,Nixon,17/3/2019
549,Cissiee,Luetkemeyers,28/1/2019
550,Christopher,Northbridge,29/11/2018
551,Niles,Spearett,8/11/2018
552,Francene,Dressel,9/1/2019
553,Christabella,Reddick,27/2/2019
554,Mikaela,Fust,28/9/2018
555,Gregg,Leadbitter,15/8/2019
556,Tessa,Ryam,22/7/2019
557,Inger,Darbon,28/10/2018
558,Jordanna,Leades,3/8/2019
559,Inga,Endon,30/12/2018
560,Sayer,Van Oord,21/3/2019
561,Harley,Blunsden,9/6/2019
562,Lazaro,Ozelton,3/10/2018
563,Haven,Gaynor,1/9/2019
564,Carmelia,Wetherick,11/2/2019
565,Gav,Medway,17/4/2019
566,Ambrosius,Costall,13/4/2019
567,Ruthie,Bestwall,14/3/2019
568,Peter,Dudney,15/2/2019
569,Oliver,Peet,2/7/2019
570,Eran,Gloster,14/11/2018
571,Gianina,Gainsborough,17/9/2018
572,Erskine,Impey,23/12/2018
573,Maynard,Satterlee,6/10/2018
574,Dru,McFater,3/2/2019
575,Felic,Sine,10/4/2019
576,Miguel,Budnk,4/10/2018
577,Dell,Beldom,20/9/2018
578,Beaufort,Earle,20/6/2019
579,Leonhard,Simek,7/9/2019
580,Pietra,Longstreet,15/5/2019
581,Melisent,Ollis,12/9/2018
582,Myer,Seeking,7/2/2019
583,Woody,Wisden,12/12/2018
584,Jordan,Checklin,8/3/2019
585,Hamlen,Dixie,22/9/2018
586,Udale,Gadd,7/8/2019
587,Zachariah,Oriel,10/1/2019
588,Kahlil,Reace,5/8/2019
589,Zita,Branca,6/7/2019
590,Katharine,Hulkes,22/10/2018
591,Jaclyn,Longhurst,14/2/2019
592,Kelby,Peerman,5/9/2019
593,Donn,Gallen,25/12/2018
594,Irvin,Kitter,27/5/2019
595,Lonna,McKiernan,22/7/2019
596,Jerrilyn,Enderby,22/7/2019
597,Vincents,Saffen,16/2/2019
598,Judith,Hazelgreave,17/3/2019
599,Baron,Joire,27/3/2019
600,Garey,Boddymead,21/10/2018
601,Dorian,Lippingwell,13/6/2019
602,Geordie,Borley,20/11/2018
603,Maxwell,Aldous,27/1/2019
604,Boigie,Plenderleith,17/11/2018
605,Ursuline,Codeman,23/9/2018
606,Malia,Goeff,6/8/2019
607,Tiler,Hughesdon,25/1/2019
608,Brandie,Bennike,17/1/2019
609,Alvy,Sturman,20/7/2019
610,Nappy,Le Brum,19/12/2018
611,Ara,Lowson,13/5/2019
612,Rubina,Mauchline,2/1/2019
613,Randi,Leisk,18/6/2019
614,Tremaine,Metzel,10/1/2019
615,Stefania,Sobey,30/6/2019
616,Melisent,McCaughen,25/2/2019
617,Jaquelin,Josephoff,10/1/2019
618,Lefty,Packwood,5/5/2019
619,Juliann,Edwicker,25/7/2019
620,Fernandina,Joice,15/4/2019
621,Bellina,Insley,12/5/2019
622,Merissa,Paty,23/8/2019
623,Kingston,Kinsley,18/9/2018
624,Janifer,Almon,11/9/2018
625,Zarah,Probart,13/12/2018
626,Jammal,Lilie,30/9/2018
627,Estelle,Bretland,12/2/2019
628,Jessalyn,Flewin,24/10/2018
629,Alisa,Binnes,12/8/2019
630,Linet,Hulmes,17/11/2018
631,Norman,Creek,15/5/2019
632,Eleen,Tollfree,29/1/2019
633,Ruthann,Jozefowicz,3/12/2018
634,Britta,Tooting,16/3/2019
635,Freida,Swetman,15/3/2019
636,Mortie,Carlet,1/9/2019
637,Dallas,Coulson,15/5/2019
638,Jenn,Barenskie,3/6/2019
639,Baron,Bayle,5/1/2019
640,Abbott,Kuhnwald,3/8/2019
641,Correna,Brim,17/4/2019
642,Caitlin,Meldon,24/4/2019
643,Bartholomew,Poytres,8/2/2019
644,Meagan,Berrycloth,8/3/2019
645,Regine,Laurencot,10/1/2019
646,Stephanie,Kiebes,7/9/2019
647,Ardis,Rosling,26/11/2018
648,Griz,Handmore,13/8/2019
649,Shane,Huggins,11/1/2019
650,Naomi,Oxenford,28/6/2019
651,Karleen,Soars,26/11/2018
652,Sarge,Smallacombe,4/2/2019
653,Beth,Heugel,6/7/2019
654,Sammie,Songest,20/2/2019
655,Blake,Oldroyd,23/11/2018
656,Nahum,Fladgate,21/8/2019
657,Anabal,Catterell,20/1/2019
658,Tull,Kynaston,21/1/2019
659,Aubrey,McPhillips,16/12/2018
660,Yorker,Lindenbluth,20/3/2019
661,Amalia,Jurgen,11/12/2018
662,Worth,Pendergrast,22/9/2018
663,Dode,Dinan,19/4/2019
664,Lester,Beacroft,12/9/2018
665,Brade,Horrell,26/7/2019
666,Farris,McMenamin,23/9/2018
667,Florina,Hackley,20/1/2019
668,Faunie,Feldhuhn,7/11/2018
669,Kelby,Cheltnam,26/3/2019
670,Lisha,Hischke,1/11/2018
671,Ophelie,Biggs,19/12/2018
672,Mildred,Smales,17/2/2019
673,Tracy,McAsgill,26/4/2019
674,Rolando,Trevon,16/9/2018
675,Kassia,Musselwhite,12/1/2019
676,Gretal,Denzey,27/9/2018
677,Shir,Marcoolyn,17/3/2019
678,Barthel,Orgen,15/12/2018
679,Rachelle,Joutapavicius,31/1/2019
680,Julienne,Lorait,6/7/2019
681,Darell,Lethibridge,3/3/2019
682,Dona,Parkyns,19/4/2019
683,Sayre,Scobbie,20/6/2019
684,Concordia,McJarrow,6/12/2018
685,Keane,Hembery,11/5/2019
686,Giffer,Tyhurst,17/12/2018
687,Tobe,Haszard,6/9/2019
688,Jard,Filipiak,5/6/2019
689,Lyle,Adolfson,21/6/2019
690,Rockwell,Borrowman,3/9/2019
691,Zacherie,Ferriman,5/12/2018
692,Munmro,Cullingford,8/8/2019
693,Janie,Freddi,17/4/2019
694,Sandie,Duff,14/6/2019
695,Theodore,Blowne,25/2/2019
696,Consuelo,Brauner,17/2/2019
697,Dannie,Crain,6/9/2019
698,Eduard,Yarrall,17/12/2018
699,Andris,Roelofs,4/8/2019
700,Burnard,Tresise,21/12/2018
701,Tildie,Gutcher,19/3/2019
702,Manny,Kaufman,25/9/2018
703,Berna,Langmuir,2/7/2019
704,Sax,Beaman,10/6/2019
705,Fredrika,Rummins,29/4/2019
706,Rodi,Gladstone,4/1/2019
707,Maurizia,Jakubowicz,4/12/2018
708,Nils,Levey,22/11/2018
709,Birgit,Mattinson,30/7/2019
710,Kaylil,Tungay,6/5/2019
711,Lorettalorna,Dakers,30/4/2019
712,Prisca,Marcq,30/7/2019
713,Egan,Ruppertz,16/5/2019
714,Ketty,Seggie,9/3/2019
715,Imogene,Balasini,16/7/2019
716,Jeane,Jaulmes,26/10/2018
717,Verene,Corre,10/3/2019
718,Bernarr,Kenneford,2/5/2019
719,Olivie,O'Day,14/12/2018
720,Junette,Augustus,22/2/2019
721,Daffy,Loeber,25/12/2018
722,Leshia,Markson,2/3/2019
723,Any,Debenham,15/11/2018
724,Fax,Espinha,25/4/2019
725,Chancey,Thirkettle,27/2/2019
726,Codie,Lage,4/8/2019
727,Tallou,Wisdom,8/4/2019
728,Desmund,Caslane,16/1/2019
729,Dollie,McGarrahan,7/3/2019
730,Shaylynn,Maudsley,1/9/2019
731,Mariele,Kinningley,19/9/2018
732,Zachariah,Jerome,9/9/2019
733,Randy,Harome,3/9/2019
734,Appolonia,Girardet,23/9/2018
735,Domenico,Wison,30/3/2019
736,Keen,Lewerenz,12/5/2019
737,Hallsy,Curgenven,15/4/2019
738,Dougie,Cherryman,23/3/2019
739,Abraham,Fontell,24/10/2018
740,Skylar,Kidder,3/1/2019
741,Vicky,Vardon,14/8/2019
742,Damaris,Fenge,9/1/2019
743,Nobe,Donaldson,24/3/2019
744,Bobbette,Ratt,23/10/2018
745,Carie,Connow,23/5/2019
746,Norton,Mabbutt,20/11/2018
747,Gwenneth,Pringley,29/1/2019
748,Sonny,Oldred,3/4/2019
749,Edgardo,Sirkett,19/7/2019
750,Hector,Maguire,5/11/2018
751,Maurise,Sutter,5/8/2019
752,Rudolf,Yashin,25/9/2018
753,Ronnie,Ormshaw,29/10/2018
754,Ariela,Levett,22/12/2018
755,Lexi,Wharmby,3/9/2019
756,Lauritz,Fruish,14/6/2019
757,Lia,Grassi,15/10/2018
758,Leesa,Robertsson,23/5/2019
759,Patrizius,Torricina,30/10/2018
760,Shoshana,Chinery,25/9/2018
761,Silvain,Englefield,5/5/2019
762,Dorie,Cobbin,15/12/2018
763,Vilhelmina,Heams,4/5/2019
764,Averil,Corteis,12/6/2019
765,Natalina,Reeson,6/9/2019
766,Meryl,Flatman,13/3/2019
767,Penni,Weathers,26/5/2019
768,Emmi,Lehemann,18/12/2018
769,Weston,Cogdell,5/10/2018
770,Danyelle,Tuxell,5/10/2018
771,Devora,Harroway,13/4/2019
772,Ricky,Godden,13/12/2018
773,Anstice,Flageul,24/5/2019
774,Baird,Lacheze,9/2/2019
775,Caldwell,Yankeev,18/6/2019
776,Kippar,Riccelli,6/1/2019
777,Van,Barendtsen,22/8/2019
778,Siusan,Chettle,13/7/2019
779,Alyce,Toohey,4/9/2019
780,Magdalen,Soff,15/4/2019
781,Jeremie,Muggach,17/6/2019
782,Kathleen,Willerstone,11/7/2019
783,Jose,Bausor,26/9/2018
784,Corbett,Frend,4/4/2019
785,Lenette,McLae,24/1/2019
786,Ardyce,Grinstead,1/4/2019
787,Blanca,Stodit,28/11/2018
788,Diena,Howsan,2/5/2019
789,Roxanna,Maitland,4/1/2019
790,Durward,Shorthouse,2/10/2018
791,Tad,Manz,24/12/2018
792,Theda,Meredyth,7/10/2018
793,Hinda,Skaid,19/7/2019
794,Nikolas,Braam,14/3/2019
795,Kyrstin,Vedstra,20/3/2019
796,Gael,Yegorkov,12/4/2019
797,Evanne,Peperell,15/2/2019
798,Peadar,Fenny,8/8/2019
799,Nadine,Fishpond,5/7/2019
800,Valaria,Chinn,5/11/2018
801,Hilarius,Scurlock,11/5/2019
802,Nessie,Victoria,6/4/2019
803,Berkley,Polkinhorn,5/7/2019
804,Lazaro,McKeggie,15/10/2018
805,Clive,Miskelly,6/6/2019
806,Roshelle,Wooder,27/7/2019
807,Rolph,Jeannequin,28/7/2019
808,Noll,Castelijn,25/5/2019
809,Conrado,Nutten,12/3/2019
810,Avie,Sprowle,27/6/2019
811,Xenia,Johl,30/5/2019
812,Helen-elizabeth,Fuggles,3/12/2018
813,Adriaens,Kayley,12/11/2018
814,Evangeline,Raiment,22/7/2019
815,Malcolm,Marden,11/10/2018
816,Elora,Lively,7/8/2019
817,Agosto,Folomkin,4/11/2018
818,D'arcy,Penella,28/2/2019
819,Karly,Cargenven,28/10/2018
820,Joel,Palombi,10/12/2018
821,Lettie,Abramamov,16/12/2018
822,Trevor,Kamenar,18/2/2019
823,Elsy,Metcalf,19/6/2019
824,Laureen,Browett,15/2/2019
825,Gallagher,Brecknall,22/6/2019
826,Jodie,Dillintone,9/5/2019
827,Lucila,Ricold,19/2/2019
828,Willetta,Lattey,15/4/2019
829,Inga,Weatherill,11/8/2019
830,Coralyn,Skill,4/6/2019
831,Abagael,Colt,12/7/2019
832,Karee,Grigson,22/7/2019
833,Ottilie,Poe,23/8/2019
834,Giulietta,Cleaton,26/3/2019
835,Elisa,Balbeck,1/2/2019
836,Hazlett,Earie,6/1/2019
837,Cy,Lynskey,9/3/2019
838,Keriann,Cartmael,22/10/2018
839,Pacorro,Belfrage,20/12/2018
840,Godard,Goreisr,18/10/2018
841,Dmitri,Wellbelove,23/5/2019
842,Celia,Moral,21/3/2019
843,Kristin,Jodkowski,19/3/2019
844,Maximilian,Cawcutt,20/9/2018
845,Mariette,Kochlin,13/8/2019
846,Hamil,Haimes,10/7/2019
847,Cinda,Inkpin,27/5/2019
848,David,McPhilemy,28/9/2018
849,Dee,Accomb,1/1/2019
850,Bartlet,Huitson,22/9/2018
851,Georgy,Tofts,15/7/2019
852,Eustacia,Hunn,5/1/2019
853,Timi,Carmont,10/5/2019
854,Jessika,Dowding,17/10/2018
855,Saraann,Bann,16/7/2019
856,Antonino,Blakelock,8/7/2019
857,Corilla,Bocke,17/11/2018
858,Marj,Esch,7/4/2019
859,Di,Jaycocks,14/1/2019
860,Addison,Giovannelli,2/2/2019
861,Haley,Burdett,2/2/2019
862,Cheri,Tame,23/10/2018
863,Sylvia,McCreagh,17/4/2019
864,Ellswerth,Castenda,5/5/2019
865,Hartley,Ratazzi,5/5/2019
866,Hurleigh,McCosh,7/12/2018
867,Selia,Kellogg,3/10/2018
868,Katey,Lambird,16/3/2019
869,Cory,Latter,13/7/2019
870,Kacie,Headley,25/12/2018
871,Urbano,Sprouls,2/8/2019
872,Amelia,Batterbee,7/9/2019
873,Frederic,Lovell,10/7/2019
874,Belinda,Bolstridge,27/4/2019
875,Eolanda,Mockett,9/4/2019
876,Natty,Caygill,11/2/2019
877,Tessie,Leere,17/11/2018
878,Wenda,Osgodby,29/11/2018
879,Dusty,Caselick,1/7/2019
880,Juliane,O'Corhane,7/12/2018
881,Teddie,Mc Trusty,16/8/2019
882,Addy,Seebert,25/3/2019
883,Marcus,Fumagall,7/2/2019
884,Evelina,Gallichiccio,11/9/2018
885,Georas,Griffey,30/8/2019
886,Bennie,Kobsch,13/2/2019
887,Viviana,Cauthra,31/8/2019
888,Courtenay,Throssell,14/1/2019
889,Belle,Seward,28/7/2019
890,Byrann,Tuther,30/5/2019
891,Marrissa,Fahrenbach,3/2/2019
892,Ricard,Trodden,20/1/2019
893,Kissee,Gelardi,6/8/2019
894,Bentley,Matthiesen,5/1/2019
895,Brandtr,Hoggetts,29/5/2019
896,Germaine,Heasman,10/6/2019
897,Tessa,Straneo,15/5/2019
898,Karmen,Clacey,27/6/2019
899,Phaidra,Moreland,30/6/2019
900,Eldridge,Salazar,29/1/2019
901,Phillipp,Headings,28/7/2019
902,Christophe,Dreng,13/12/2018
903,Clim,Colgan,7/1/2019
904,Karry,Clearley,17/12/2018
905,Adrien,Gisburne,27/2/2019
906,Marguerite,Quantrill,4/6/2019
907,Livy,Riply,7/6/2019
908,Somerset,Norrey,13/4/2019
909,Victoir,Stubbington,4/10/2018
910,Marmaduke,Lumsdon,30/9/2018
911,Daile,Moy,30/10/2018
912,Aubrey,Moorrud,17/8/2019
913,Ezri,Kurdani,16/9/2018
914,Egbert,Gouda,16/2/2019
915,Fraze,O'Corrin,29/9/2018
916,Kate,Dawson,20/9/2018
917,Marcus,Norbury,19/10/2018
918,Maible,Tapley,3/4/2019
919,Cary,Shower,17/6/2019
920,Riannon,Thew,24/3/2019
921,Reginauld,Ornils,20/6/2019
922,Burnard,Coviello,2/5/2019
923,Andros,Whistance,27/9/2018
924,Cari,Cawte,5/1/2019
925,Charlotte,Anstey,17/5/2019
926,Rafaelita,Holah,6/1/2019
927,Rogers,Lenin,22/9/2018
928,Lari,MacEvilly,31/3/2019
929,Perceval,Shoveller,11/8/2019
930,Sadye,McCullough,11/12/2018
931,Everett,Tessyman,21/7/2019
932,Ciro,Grzegorczyk,21/12/2018
933,Philip,Tredgold,18/9/2018
934,Karin,Boden,12/1/2019
935,Pall,Drewes,7/7/2019
936,Bette-ann,Prest,10/11/2018
937,Philip,Pylkynyton,23/4/2019
938,Jobyna,Peyton,29/12/2018
939,Tibold,Mustoe,18/5/2019
940,Rhona,Durnall,30/3/2019
941,Garrard,Tolomei,22/8/2019
942,Mikael,McGeady,17/4/2019
943,Tobias,Muirhead,15/8/2019
944,Jamie,Phelan,7/4/2019
945,Zachary,Algie,18/11/2018
946,Rhody,Angier,6/2/2019
947,Genny,Gregolin,19/6/2019
948,Cinderella,Lemon,26/8/2019
949,Rowney,Margetson,31/7/2019
950,Belva,Grisley,18/5/2019
951,Wiley,O'Dempsey,27/11/2018
952,Zorina,Losseljong,12/5/2019
953,Melania,Annice,12/5/2019
954,Fair,Bagge,8/1/2019
955,Eulalie,Sandels,3/12/2018
956,Rodrigo,Espadas,8/9/2019
957,Jayme,Bussons,1/1/2019
958,Ninnette,Verney,28/8/2019
959,Sibylla,Dungee,5/2/2019
960,Atalanta,Sambles,4/5/2019
961,Caterina,Glendza,16/4/2019
962,Pamela,Stivey,18/10/2018
963,Morty,Plom,22/5/2019
964,Lacie,Olensby,16/12/2018
965,Fara,Utterson,10/7/2019
966,Stacee,Devon,4/10/2018
967,Faber,Brassington,11/5/2019
968,Prue,Aizkovitch,2/4/2019
969,Del,Grigorio,19/12/2018
970,Sergei,Harmant,3/9/2019
971,Kassi,Kalderon,13/1/2019
972,Trish,De Giorgio,24/9/2018
973,Hildegarde,Wheelan,7/1/2019
974,Fonz,Beckenham,24/6/2019
975,Thor,Pretorius,12/4/2019
976,Loretta,Brafield,21/6/2019
977,Ignace,Arnett,31/3/2019
978,Jaymie,Milksop,19/4/2019
979,Shandeigh,Vaughton,3/10/2018
980,Nanni,Butner,13/3/2019
981,Orazio,Crafter,25/10/2018
982,Garvy,Bote,18/6/2019
983,Seamus,Gearing,30/12/2018
984,Katerina,D'eathe,4/3/2019
985,Hart,Portriss,13/8/2019
986,Cassius,Lackie,19/11/2018
987,Chevy,Burril,17/12/2018
988,Cristobal,Ren,25/4/2019
989,Andie,Vaux,9/2/2019
990,Ruddy,Kondratowicz,9/6/2019
991,Willetta,Vedenisov,15/4/2019
992,Pattin,Faragher,27/8/2019
993,Carlo,Delos,14/8/2019
994,Therine,Willgoose,20/1/2019
995,Kylie,Canadas,10/8/2019
996,Benedikta,Woodhall,6/1/2019
997,Kaylee,Bunnell,13/1/2019
998,Monty,Smerdon,27/8/2019
999,Yurik,McConnell,19/7/2019
1000,Biron,Cafe,7/2/2019
